{
  "timestamp": "2026-03-04T04:22:04.928802+00:00",
  "instruments_available": [
    "USATECHIDXUSD"
  ],
  "temporal_consistency": {
    "2021-2022": {
      "n": 117,
      "sharpe": 1.241950408585571,
      "annual": 0.2531769276768441,
      "pvalue": 0.4011736958992484,
      "win_rate": 0.5897435897435898
    },
    "2023-2023": {
      "n": 37,
      "sharpe": 4.473594925851243,
      "annual": 0.6348032261071217,
      "pvalue": 0.09950518958253668,
      "win_rate": 0.6756756756756757
    },
    "2024-2024": {
      "n": 42,
      "sharpe": 6.239746420245351,
      "annual": 1.2840713999068654,
      "pvalue": 0.015845926698670135,
      "win_rate": 0.6428571428571429
    }
  },
  "dow_consistency": {
    "Lun": {
      "n": 47,
      "sharpe": -1.0129116453297442,
      "annual": -0.20231523780600746,
      "pvalue": 0.6672092143798773,
      "win_rate": 0.5957446808510638
    },
    "Mar": {
      "n": 42,
      "sharpe": 2.9895391780284735,
      "annual": 0.6144666403938943,
      "pvalue": 0.2347854949723234,
      "win_rate": 0.5714285714285714
    },
    "Mi\u00e9": {
      "n": 23,
      "sharpe": 13.455175695986185,
      "annual": 5.346411887558966,
      "pvalue": 0.0006401274575356899,
      "win_rate": 0.8695652173913043
    },
    "Vie": {
      "n": 20,
      "sharpe": 0.45147149337972287,
      "annual": 0.05544163887428066,
      "pvalue": 0.9026433123265419,
      "win_rate": 0.55
    }
  },
  "quarterly_consistency": {
    "Q1": {
      "n": 53,
      "sharpe": -0.7673674482858455,
      "annual": -0.13968118473665647,
      "pvalue": 0.7288106776958063,
      "win_rate": 0.5283018867924528
    },
    "Q2": {
      "n": 60,
      "sharpe": 3.9191588304017326,
      "annual": 0.8436996668539103,
      "pvalue": 0.06281338660423082,
      "win_rate": 0.7
    },
    "Q3": {
      "n": 64,
      "sharpe": 2.807455136771432,
      "annual": 0.5548598282303732,
      "pvalue": 0.16531022234271028,
      "win_rate": 0.609375
    },
    "Q4": {
      "n": 19,
      "sharpe": 5.646078358281616,
      "annual": 2.233929158413206,
      "pvalue": 0.14865751250945206,
      "win_rate": 0.631578947368421
    }
  },
  "gradient": [
    {
      "decile": "Q1 (-4.00%\u2192-1.36%)",
      "lo": -0.0400448298302763,
      "hi": -0.01363458016757052,
      "n": 94,
      "sharpe": 3.3859526958675095,
      "annual": 0.8339479236477434,
      "pvalue": 0.042492281707271776,
      "win_rate": 0.5425531914893617
    },
    {
      "decile": "Q2 (-1.36%\u2192-0.78%)",
      "lo": -0.01363458016757052,
      "hi": -0.007780851136826442,
      "n": 94,
      "sharpe": 0.9646722558147053,
      "annual": 0.16113942611106014,
      "pvalue": 0.5592739211870374,
      "win_rate": 0.5425531914893617
    },
    {
      "decile": "Q3 (-0.78%\u2192-0.45%)",
      "lo": -0.007780851136826442,
      "hi": -0.0044535308385237745,
      "n": 94,
      "sharpe": 1.8164392597325636,
      "annual": 0.23749633596035524,
      "pvalue": 0.27266852614551834,
      "win_rate": 0.5638297872340425
    },
    {
      "decile": "Q4 (-0.45%\u2192-0.10%)",
      "lo": -0.0044535308385237745,
      "hi": -0.0010036310352277914,
      "n": 94,
      "sharpe": 2.543260018771056,
      "annual": 0.4706392022795818,
      "pvalue": 0.12573944356959452,
      "win_rate": 0.6170212765957447
    }
  ],
  "expanding_oos": [
    {
      "quarter": "2025Q1",
      "n": 17,
      "sharpe_accum": 5.38207178700629,
      "win_rate": 0.7058823529411765,
      "total_trades": 17.0,
      "sharpe": NaN
    },
    {
      "quarter": "2025Q2",
      "n": 13,
      "sharpe_accum": 3.6970195686444263,
      "win_rate": 0.6153846153846154,
      "total_trades": 30.0,
      "sharpe": NaN
    },
    {
      "quarter": "2025Q3",
      "n": 13,
      "sharpe_accum": 2.606307107186332,
      "win_rate": 0.46153846153846156,
      "total_trades": 43.0,
      "sharpe": NaN
    },
    {
      "quarter": "2025Q4",
      "n": 3,
      "sharpe_accum": 2.6717220730814395,
      "win_rate": 0.3333333333333333,
      "total_trades": 46.0,
      "sharpe": NaN
    },
    {
      "quarter": "2026Q1",
      "n": 0,
      "sharpe_accum": NaN,
      "win_rate": 0.0,
      "total_trades": NaN,
      "sharpe": 0.0
    }
  ],
  "checks": {
    "temporal_2_de_3_positivo": true,
    "dow_3_de_5_positivo": true,
    "quarterly_3_de_4_positivo": true,
    "gradiente_monotonico": true,
    "oos_expansivo_positivo": false
  },
  "score": 4,
  "verdict": "\ud83c\udfc6 EDGE UNIVERSAL \u2014 muy robusto y probablemente real"
}