{
  "timestamp": "2026-03-04T03:52:18.771376+00:00",
  "cost_pts_nq": 2.0,
  "n_is": 926,
  "n_oos": 247,
  "n_bear_is": 377,
  "anatomy": {
    "base": {
      "n": 926,
      "sharpe": 0.9601923846798474,
      "annual": 0.14079184242536114,
      "pvalue": 0.0661438920597419,
      "win_rate": 0.5431965442764579,
      "max_dd": -0.15171543990484798,
      "total": 0.6225976574287735
    },
    "bear": {
      "n": 377,
      "sharpe": 2.19045506422161,
      "annual": 0.4013209227247132,
      "pvalue": 0.0077846894755529625,
      "win_rate": 0.5649867374005305,
      "max_dd": -0.09539386092221994,
      "total": 0.6566276707774061
    },
    "bull": {
      "n": 457,
      "sharpe": -0.16130614401190257,
      "annual": -0.03245731669400442,
      "pvalue": 0.8283157780496435,
      "win_rate": 0.5142231947483589,
      "max_dd": -0.22816926177048621,
      "total": -0.05808242561004695
    },
    "momentum": {
      "n": 177,
      "sharpe": 1.6994770504844683,
      "annual": 0.28107292832885644,
      "pvalue": 0.15729769366698557,
      "win_rate": 0.5310734463276836,
      "max_dd": -0.08730779942848468,
      "total": 0.19002976983719932
    },
    "reversal": {
      "n": 200,
      "sharpe": 2.5957971631730596,
      "annual": 0.5171220743649636,
      "pvalue": 0.022099095331656674,
      "win_rate": 0.595,
      "max_dd": -0.05461319227334734,
      "total": 0.3920892676525538
    },
    "2bear": {
      "n": 153,
      "sharpe": 1.6208617682599393,
      "annual": 0.28976445443697774,
      "pvalue": 0.21002122233023848,
      "win_rate": 0.5686274509803921,
      "max_dd": -0.11357109256234374,
      "total": 0.16706649787062489
    },
    "3bear": {
      "n": 61,
      "sharpe": 0.3846295700437511,
      "annual": 0.05562049430463101,
      "pvalue": 0.8517607640551225,
      "win_rate": 0.4918032786885246,
      "max_dd": -0.06851349997899078,
      "total": 0.013188806990332091
    }
  },
  "combined_filters": [
    {
      "filter": "PREVIO BAJISTA + Dirn>P75",
      "delta": 3.839310507062949,
      "n": 84,
      "sharpe": 4.799502891742796,
      "annual": 1.1363130749035304,
      "pvalue": 0.007222697293555385,
      "win_rate": 0.6785714285714286,
      "max_dd": -0.05831808687514176,
      "total": 0.287918256651003
    },
    {
      "filter": "Solo Mar+Mi\u00e9 + PREVIO BAJ",
      "delta": 2.8274107554424814,
      "n": 109,
      "sharpe": 3.7876031401223287,
      "annual": 0.7843021628928901,
      "pvalue": 0.014699488012010922,
      "win_rate": 0.5871559633027523,
      "max_dd": -0.06203762085592459,
      "total": 0.284606344890054
    },
    {
      "filter": "PREVIO BAJISTA + 1H>0.3% + Dirn>P75",
      "delta": 2.769797174747134,
      "n": 75,
      "sharpe": 3.7299895594269814,
      "annual": 0.81039301060628,
      "pvalue": 0.04686969982243578,
      "win_rate": 0.6666666666666666,
      "max_dd": -0.07716852349686798,
      "total": 0.1932133792373396
    },
    {
      "filter": "PREVIO BAJISTA + Dirn>P60",
      "delta": 2.1661897880543517,
      "n": 143,
      "sharpe": 3.126382172734199,
      "annual": 0.640729338725764,
      "pvalue": 0.020314558848978315,
      "win_rate": 0.6293706293706294,
      "max_dd": -0.07677908679714492,
      "total": 0.32441756680503797
    },
    {
      "filter": "PREVIO BAJISTA + 1H>0.2%",
      "delta": 2.0042609622831953,
      "n": 240,
      "sharpe": 2.9644533469630425,
      "annual": 0.646532389264872,
      "pvalue": 0.004245928744789228,
      "win_rate": 0.6166666666666667,
      "max_dd": -0.11345826116358562,
      "total": 0.6078939749332175
    },
    {
      "filter": "PREVIO BAJISTA + High Vol",
      "delta": 1.7481611386926095,
      "n": 207,
      "sharpe": 2.7083535233724567,
      "annual": 0.6150550180556738,
      "pvalue": 0.015172622025471965,
      "win_rate": 0.5893719806763285,
      "max_dd": -0.08179215054218963,
      "total": 0.4825556835408631
    },
    {
      "filter": "PREVIO BAJISTA + 1H>0.3%",
      "delta": 1.4749241101469197,
      "n": 196,
      "sharpe": 2.435116494826767,
      "annual": 0.4985485282639792,
      "pvalue": 0.03342681912732881,
      "win_rate": 0.6173469387755102,
      "max_dd": -0.15802165680491714,
      "total": 0.3697233311887418
    },
    {
      "filter": "PREVIO BAJISTA + 1H>0.3% + Dirn>P60",
      "delta": 1.330308770421896,
      "n": 125,
      "sharpe": 2.2905011551017433,
      "annual": 0.4453590306003823,
      "pvalue": 0.11065861741983081,
      "win_rate": 0.624,
      "max_dd": -0.10261121449936403,
      "total": 0.2004747940761804
    },
    {
      "filter": "PREVIO BAJISTA (>0.1%)",
      "delta": 1.2302626795417626,
      "n": 377,
      "sharpe": 2.19045506422161,
      "annual": 0.4013209227247132,
      "pvalue": 0.0077846894755529625,
      "win_rate": 0.5649867374005305,
      "max_dd": -0.09539386092221994,
      "total": 0.6566276707774061
    },
    {
      "filter": "PREVIO BAJISTA (>0.3%)",
      "delta": 0.979918235941038,
      "n": 316,
      "sharpe": 1.9401106206208854,
      "annual": 0.34507196621210134,
      "pvalue": 0.030822064974335917,
      "win_rate": 0.5537974683544303,
      "max_dd": -0.09497561334754945,
      "total": 0.45024974084146163
    },
    {
      "filter": "2 D\u00cdAS PREVIOS BAJISTAS",
      "delta": 0.660669383580092,
      "n": 153,
      "sharpe": 1.6208617682599393,
      "annual": 0.28976445443697774,
      "pvalue": 0.21002122233023848,
      "win_rate": 0.5686274509803921,
      "max_dd": -0.11357109256234374,
      "total": 0.16706649787062489
    },
    {
      "filter": "2 D\u00cdAS BAJ + 1H>0.3%",
      "delta": 0.4556033962666045,
      "n": 86,
      "sharpe": 1.4157957809464519,
      "annual": 0.2857577891297818,
      "pvalue": 0.41322890896494063,
      "win_rate": 0.5813953488372093,
      "max_dd": -0.0895397639611761,
      "total": 0.08956396277620216
    },
    {
      "filter": "Base (sin filtro)",
      "delta": 0.0,
      "n": 926,
      "sharpe": 0.9601923846798474,
      "annual": 0.14079184242536114,
      "pvalue": 0.0661438920597419,
      "win_rate": 0.5431965442764579,
      "max_dd": -0.15171543990484798,
      "total": 0.6225976574287735
    }
  ],
  "walk_forward": [
    {
      "period": "2022-01",
      "n": 19,
      "sharpe": -4.436963784564872,
      "annual": -0.6402245538771512,
      "pvalue": 0.25110838325228807,
      "win_rate": 0.42105263157894735,
      "max_dd": -0.09088479200376515,
      "total": -0.07418079370687836
    },
    {
      "period": "2022-04",
      "n": 23,
      "sharpe": 2.3525937997202293,
      "annual": 0.6632093868152515,
      "pvalue": 0.4942590494898628,
      "win_rate": 0.6521739130434783,
      "max_dd": -0.07980738059715381,
      "total": 0.04752836345185951
    },
    {
      "period": "2022-07",
      "n": 21,
      "sharpe": 3.388613649454531,
      "annual": 1.091253934012383,
      "pvalue": 0.3511599272579778,
      "win_rate": 0.5714285714285714,
      "max_dd": -0.02757033570067769,
      "total": 0.0634095697070356
    },
    {
      "period": "2022-10",
      "n": 0,
      "sharpe": 0.0,
      "annual": 0.0,
      "pvalue": 1.0,
      "win_rate": 0.0,
      "max_dd": 0.0,
      "total": 0.0
    },
    {
      "period": "2023-01",
      "n": 10,
      "sharpe": -2.2641314634747727,
      "annual": -0.25466570116500464,
      "pvalue": 0.6787944205923516,
      "win_rate": 0.5,
      "max_dd": -0.009278850372434817,
      "total": -0.011595832838559472
    },
    {
      "period": "2023-04",
      "n": 10,
      "sharpe": 4.484495893000141,
      "annual": 0.4723818251372025,
      "pvalue": 0.41868842835201703,
      "win_rate": 0.7,
      "max_dd": -0.012904440420863838,
      "total": 0.015470889714724656
    },
    {
      "period": "2023-07",
      "n": 14,
      "sharpe": 9.769657338539307,
      "annual": 1.890912970257789,
      "pvalue": 0.04490413506799066,
      "win_rate": 0.7857142857142857,
      "max_dd": -0.01588913834891455,