{
  "annual_return_net": -0.3045424346048057,
  "sharpe_net": -2.358912896891387,
  "max_dd": -0.818966838930213,
  "pct_positive": 0.41261722080136404,
  "oos_pvalue": 0.018892224264916935,
  "score": 0
}