{
  "u_shape_pvalue": 0.0,
  "overnight_significant": false,
  "overnight_mean": 0.034425400174036405,
  "correlation_pearson": 0.42229681102588024,
  "gap_fill_rate": 0.5663010967098704
}